case_id,case_name,year_discovered,date_filed_or_charged,jurisdiction,actor_role,actor_name,alleged_amount_usd,method_of_scheme,primary_vehicles,targeted_project,evidence_links,outcome,sentence_years,restitution_ordered_usd,investigative_agency,notes,data_source,last_verified
CASE-0001,United States v. William Sadleir,2020,2020-05-22,US-SDNY / CDCA,CEO / Producer,William Sadleir,14000000,diversion of investor funds; fake media credits; sham company,sham marketing company; fake employee identities; nominee accounts,multiple Aviron investments,https://www.justice.gov/usao-sdny/pr/former-chairman-and-ceo-movie-production-company-arrested-fraud-charges; https://www.sec.gov/newsroom/press-releases/2020-122,convicted / sentenced,41,14000000,DOJ / FBI / SEC,Charged in multi-district actions; also charged with PPP fraud separately. See DOJ and SEC releases.,"DOJ press release; SEC press release; industry press (LA Times, Deadline)",2025-11-17
CASE-0002,United States v. Jason Van Eman,2022,2022-07-22,US-SDFL,Producer / Actor / Organizer,Jason Van Eman,60000000,finance-fraud; wire fraud; money laundering,payment processors; shell companies; real estate purchases,various film & theatre financing,https://www.justice.gov/usao-sdfl/pr/movie-producer-sentenced-over-21-years-role-film-financing-scheme; https://apnews.com/article/entertainment-business-movies-florida-fort-lauderdale-71e8d58f9218ef27b8a82f1616c5fac8,convicted / sentenced,262,9000000,DOJ / FBI,Convicted by jury; significant restitution ordered to some victims.,DOJ press release; AP News,2025-11-17
CASE-0003,United States v. Benjamin McConley (plea),2019,2019-10-25,US-SDFL,Producer / Organizer,Benjamin McConley,(multi-million),movie financing fraud; conspiracy to commit wire fraud,fraudulent financing arrangements; payment misuse,various,https://www.justice.gov/usao-sdfl/pr/film-producer-pleads-guilty-movie-financing-fraud-scheme,pleaded guilty,(see docket),(see docket),DOJ / FBI,Plea and guilty disposition; useful for pattern analysis.,DOJ press release,2025-11-17
CASE-0004,United States v. Julio Caro,2016,2016-11-08,US-CDCA,Independent producer,Julio Caro,1500000,interstate transportation of stolen property; theft from partner,misappropriated receipts; diverted funds,unspecified production partnership,https://www.justice.gov/usao-cdca/pr/independent-producer-sentenced-18-months-prison-stealing-money-generated-film-should,convicted / sentenced,18,(see docket),DOJ,Smaller-scale but instructive for common tactics (commingling; diversion).,DOJ press release,2025-11-17
CASE-0005,SYNTH-EXAMPLE-2024,2024,2024-03-15,US-CA,Production accountant (synthetic),(redacted),350000,forged vendor invoices; payments to shell company,shell company; forged documents,indie feature 'Red Oak',(internal audit - synthetic),civil settlement,NA,350000,Internal Audit / Local DA,Synthetic row for training and privacy-safe modeling.,Synthetic / internal,2025-11-17
